Workbook

Sheet Lista de empleados
A1: Nombre | B1: Apellido 1 | C1: Apellido 2 | D1: Nombre completo | E1: Fecha de nacimiento | F1: Edad | G1: Fecha Ingreso | H1: Antigüedad | I1: Trienios | J1: Sueldo | K1: Localidad Destino | L1: Complemento Destino | M1: Complemento Antigüedad | N1: Complemento Fijo | O1: Sueldo Bruto | P1: IRPF | Q1: Líquido | R1: Fijo
A2: Armando | B2: Pérez | C2: Ruíz | D2: =CONCATENATE(Tabla2[[#This Row],[Nombre]]," ",Tabla2[[#This Row],[Apellido 1]]," ",Tabla2[[#This Row],[Apellido 2]]) -> Armando Pérez Ruíz | E2: 37908 | F2: =INT((TODAY()-Tabla2[[#This Row],[Fecha de nacimiento]])/365.25) -> 21 | G2: 44682 | H2: =INT((TODAY()-Tabla2[[#This Row],[Fecha Ingreso]])/365.25) -> 2 | I2: =INT(Tabla2[[#This Row],[Antigüedad]]/3) -> 0 | J2: 1115 | K2: Lepe | L2: =IF(Tabla2[[#This Row],[Localidad Destino]]="Lepe",55,(IF(Tabla2[[#This Row],[Localidad Destino]]="Madrid",90,(IF(Tabla2[[#This Row],[Localidad Destino]]="Sevilla",60,0))))) -> 55 | M2: =Tabla2[[#This Row],[Trienios]]*87.5 -> 0 | N2: =IF(Tabla2[[#This Row],[Fijo]]=TRUE,50,0) -> 0 | O2: =Tabla2[[#This Row],[Sueldo]]+Tabla2[[#This Row],[Complemento Destino]]+Tabla2[[#This Row],[Complemento Antigüedad]]+Tabla2[[#This Row],[Complemento Fijo]] -> 1170 | P2: =IF(Tabla2[[#This Row],[Sueldo Bruto]]>=2000,20%,IF(Tabla2[[#This Row],[Sueldo Bruto]]>=1500,15%,10%)) -> 0.1 | Q2: =Tabla2[[#This Row],[Sueldo Bruto]]-(Tabla2[[#This Row],[Sueldo Bruto]]*Tabla2[[#This Row],[IRPF]]) -> 1053 | R2: FALSE
A3: Susana | B3: Rodríguez | C3: Sánchez | D3: =CONCATENATE(Tabla2[[#This Row],[Nombre]]," ",Tabla2[[#This Row],[Apellido 1]]," ",Tabla2[[#This Row],[Apellido 2]]) -> Susana Rodríguez Sánchez | E3: 34898 | F3: =INT((TODAY()-Tabla2[[#This Row],[Fecha de nacimiento]])/365.25) -> 29 | G3: 42781 | H3: =INT((TODAY()-Tabla2[[#This Row],[Fecha Ingreso]])/365.25) -> 7 | I3: =INT(Tabla2[[#This Row],[Antigüedad]]/3) -> 2 | J3: 1525 | K3: Madrid | L3: =IF(Tabla2[[#This Row],[Localidad Destino]]="Lepe",55,(IF(Tabla2[[#This Row],[Localidad Destino]]="Madrid",90,(IF(Tabla2[[#This Row],[Localidad Destino]]="Sevilla",60,0))))) -> 90 | M3: =Tabla2[[#This Row],[Trienios]]*87.5 -> 175 | N3: =IF(Tabla2[[#This Row],[Fijo]]=TRUE,50,0) -> 50 | O3: =Tabla2[[#This Row],[Sueldo]]+Tabla2[[#This Row],[Complemento Destino]]+Tabla2[[#This Row],[Complemento Antigüedad]]+Tabla2[[#This Row],[Complemento Fijo]] -> 1840 | P3: =IF(Tabla2[[#This Row],[Sueldo Bruto]]>=2000,20%,IF(Tabla2[[#This Row],[Sueldo Bruto]]>=1500,15%,10%)) -> 0.15 | Q3: =Tabla2[[#This Row],[Sueldo Bruto]]-(Tabla2[[#This Row],[Sueldo Bruto]]*Tabla2[[#This Row],[IRPF]]) -> 1564 | R3: TRUE
A4: José Luis | B4: Mena | C4: Hernández | D4: =CONCATENATE(Tabla2[[#This Row],[Nombre]]," ",Tabla2[[#This Row],[Apellido 1]]," ",Tabla2[[#This Row],[Apellido 2]]) -> José Luis Mena Hernández | E4: 29378 | F4: =INT((TODAY()-Tabla2[[#This Row],[Fecha de nacimiento]])/365.25) -> 44 | G4: 38474 | H4: =INT((TODAY()-Tabla2[[#This Row],[Fecha Ingreso]])/365.25) -> 19 | I4: =INT(Tabla2[[#This Row],[Antigüedad]]/3) -> 6 | J4: 2050.5 | K4: Jerez | L4: =IF(Tabla2[[#This Row],[Localidad Destino]]="Lepe",55,(IF(Tabla2[[#This Row],[Localidad Destino]]="Madrid",90,(IF(Tabla2[[#This Row],[Localidad Destino]]="Sevilla",60,0))))) -> 0 | M4: =Tabla2[[#This Row],[Trienios]]*87.5 -> 525 | N4: =IF(Tabla2[[#This Row],[Fijo]]=TRUE,50,0) -> 50 | O4: =Tabla2[[#This Row],[Sueldo]]+Tabla2[[#This Row],[Complemento Destino]]+Tabla2[[#This Row],[Complemento Antigüedad]]+Tabla2[[#This Row],[Complemento Fijo]] -> 2625.5 | P4: =IF(Tabla2[[#This Row],[Sueldo Bruto]]>=2000,20%,IF(Tabla2[[#This Row],[Sueldo Bruto]]>=1500,15%,10%)) -> 0.2 | Q4: =Tabla2[[#This Row],[Sueldo Bruto]]-(Tabla2[[#This Row],[Sueldo Bruto]]*Tabla2[[#This Row],[IRPF]]) -> 2100.4 | R4: TRUE
A5: Álvaro | B5: Rodríguez | C5: Ruiz | D5: =CONCATENATE(Tabla2[[#This Row],[Nombre]]," ",Tabla2[[#This Row],[Apellido 1]]," ",Tabla2[[#This Row],[Apellido 2]]) -> Álvaro Rodríguez Ruiz | E5: 36238 | F5: =INT((TODAY()-Tabla2[[#This Row],[Fecha de nacimiento]])/365.25) -> 25 | G5: 43744 | H5: =INT((TODAY()-Tabla2[[#This Row],[Fecha Ingreso]])/365.25) -> 5 | I5: =INT(Tabla2[[#This Row],[Antigüedad]]/3) -> 1 | J5: 1300 | K5: Sevilla | L5: =IF(Tabla2[[#This Row],[Localidad Destino]]="Lepe",55,(IF(Tabla2[[#This Row],[Localidad Destino]]="Madrid",90,(IF(Tabla2[[#This Row],[Localidad Destino]]="Sevilla",60,0))))) -> 60 | M5: =Tabla2[[#This Row],[Trienios]]*87.5 -> 87.5 | N5: =IF(Tabla2[[#This Row],[Fijo]]=TRUE,50,0) -> 0 | O5: =Tabla2[[#This Row],[Sueldo]]+Tabla2[[#This Row],[Complemento Destino]]+Tabla2[[#This Row],[Complemento Antigüedad]]+Tabla2[[#This Row],[Complemento Fijo]] -> 1447.5 | P5: =IF(Tabla2[[#This Row],[Sueldo Bruto]]>=2000,20%,IF(Tabla2[[#This Row],[Sueldo Bruto]]>=1500,15%,10%)) -> 0.1 | Q5: =Tabla2[[#This Row],[Sueldo Bruto]]-(Tabla2[[#This Row],[Sueldo Bruto]]*Tabla2[[#This Row],[IRPF]]) -> 1302.75
A6: Maricarmen | B6: Martínez | C6: López | D6: =CONCATENATE(Tabla2[[#This Row],[Nombre]]," ",Tabla2[[#This Row],[Apellido 1]]," ",Tabla2[[#This Row],[Apellido 2]]) -> Maricarmen Martínez López | E6: 37239 | F6: =INT((TODAY()-Tabla2[[#This Row],[Fecha de nacimiento]])/365.25) -> 22 | G6: 45038 | H6: =INT((TODAY()-Tabla2[[#This Row],[Fecha Ingreso]])/365.25) -> 1 | I6: =INT(Tabla2[[#This Row],[Antigüedad]]/3) -> 0 | J6: 1080 | K6: Jerez | L6: =IF(Tabla2[[#This Row],[Localidad Destino]]="Lepe",55,(IF(Tabla2[[#This Row],[Localidad Destino]]="Madrid",90,(IF(Tabla2[[#This Row],[Localidad Destino]]="Sevilla",60,0))))) -> 0 | M6: =Tabla2[[#This Row],[Trienios]]*87.5 -> 0 | N6: =IF(Tabla2[[#This Row],[Fijo]]=TRUE,50,0) -> 0 | O6: =Tabla2[[#This Row],[Sueldo]]+Tabla2[[#This Row],[Complemento Destino]]+Tabla2[[#This Row],[Complemento Antigüedad]]+Tabla2[[#This Row],[Complemento Fijo]] -> 1080 | P6: =IF(Tabla2[[#This Row],[Sueldo Bruto]]>=2000,20%,IF(Tabla2[[#This Row],[Sueldo Bruto]]>=1500,15%,10%)) -> 0.1 | Q6: =Tabla2[[#This Row],[Sueldo Bruto]]-(Tabla2[[#This Row],[Sueldo Bruto]]*Tabla2[[#This Row],[IRPF]]) -> 972 | R6: FALSE
A7: Alberto | B7: Romero | C7: Gutiérrez | D7: =CONCATENATE(Tabla2[[#This Row],[Nombre]]," ",Tabla2[[#This Row],[Apellido 1]]," ",Tabla2[[#This Row],[Apellido 2]]) -> Alberto Romero Gutiérrez | E7: 32332 | F7: =INT((TODAY()-Tabla2[[#This Row],[Fecha de nacimiento]])/365.25) -> 36 | G7: 43176 | H7: =INT((TODAY()-Tabla2[[#This Row],[Fecha Ingreso]])/365.25) -> 6 | I7: =INT(Tabla2[[#This Row],[Antigüedad]]/3) -> 2 | J7: 1100 | K7: Madrid | L7: =IF(Tabla2[[#This Row],[Localidad Destino]]="Lepe",55,(IF(Tabla2[[#This Row],[Localidad Destino]]="Madrid",90,(IF(Tabla2[[#This Row],[Localidad Destino]]="Sevilla",60,0))))) -> 90 | M7: =Tabla2[[#This Row],[Trienios]]*87.5 -> 175 | N7: =IF(Tabla2[[#This Row],[Fijo]]=TRUE,50,0) -> 50 | O7: =Tabla2[[#This Row],[Sueldo]]+Tabla2[[#This Row],[Complemento Destino]]+Tabla2[[#This Row],[Complemento Antigüedad]]+Tabla2[[#This Row],[Complemento Fijo]] -> 1415 | P7: =IF(Tabla2[[#This Row],[Sueldo Bruto]]>=2000,20%,IF(Tabla2[[#This Row],[Sueldo Bruto]]>=1500,15%,10%)) -> 0.1 | Q7: =Tabla2[[#This Row],[Sueldo Bruto]]-(Tabla2[[#This Row],[Sueldo Bruto]]*Tabla2[[#This Row],[IRPF]]) -> 1273.5 | R7: TRUE
A8: Lucía | B8: Alonso | C8: Ramírez | D8: =CONCATENATE(Tabla2[[#This Row],[Nombre]]," ",Tabla2[[#This Row],[Apellido 1]]," ",Tabla2[[#This Row],[Apellido 2]]) -> Lucía Alonso Ramírez | E8: 36098 | F8: =INT((TODAY()-Tabla2[[#This Row],[Fecha de nacimiento]])/365.25) -> 26 | G8: 44018 | H8: =INT((TODAY()-Tabla2[[#This Row],[Fecha Ingreso]])/365.25) -> 4 | I8: =INT(Tabla2[[#This Row],[Antigüedad]]/3) -> 1 | J8: 1080 | K8: Jerez | L8: =IF(Tabla2[[#This Row],[Localidad Destino]]="Lepe",55,(IF(Tabla2[[#This Row],[Localidad Destino]]="Madrid",90,(IF(Tabla2[[#This Row],[Localidad Destino]]="Sevilla",60,0))))) -> 0 | M8: =Tabla2[[#This Row],[Trienios]]*87.5 -> 87.5 | N8: =IF(Tabla2[[#This Row],[Fijo]]=TRUE,50,0) -> 0 | O8: =Tabla2[[#This Row],[Sueldo]]+Tabla2[[#This Row],[Complemento Destino]]+Tabla2[[#This Row],[Complemento Antigüedad]]+Tabla2[[#This Row],[Complemento Fijo]] -> 1167.5 | P8: =IF(Tabla2[[#This Row],[Sueldo Bruto]]>=2000,20%,IF(Tabla2[[#This Row],[Sueldo Bruto]]>=1500,15%,10%)) -> 0.1 | Q8: =Tabla2[[#This Row],[Sueldo Bruto]]-(Tabla2[[#This Row],[Sueldo Bruto]]*Tabla2[[#This Row],[IRPF]]) -> 1050.75
A9: María de la Paz | B9: Díaz | C9: Hernández | D9: =CONCATENATE(Tabla2[[#This Row],[Nombre]]," ",Tabla2[[#This Row],[Apellido 1]]," ",Tabla2[[#This Row],[Apellido 2]]) -> María de la Paz Díaz Hernández | E9: 26445 | F9: =INT((TODAY()-Tabla2[[#This Row],[Fecha de nacimiento]])/365.25) -> 52 | G9: 37027 | H9: =INT((TODAY()-Tabla2[[#This Row],[Fecha Ingreso]])/365.25) -> 23 | I9: =INT(Tabla2[[#This Row],[Antigüedad]]/3) -> 7 | J9: 2250 | K9: Sevilla | L9: =IF(Tabla2[[#This Row],[Localidad Destino]]="Lepe",55,(IF(Tabla2[[#This Row],[Localidad Destino]]="Madrid",90,(IF(Tabla2[[#This Row],[Localidad Destino]]="Sevilla",60,0))))) -> 60 | M9: =Tabla2[[#This Row],[Trienios]]*87.5 -> 612.5 | N9: =IF(Tabla2[[#This Row],[Fijo]]=TRUE,50,0) -> 50 | O9: =Tabla2[[#This Row],[Sueldo]]+Tabla2[[#This Row],[Complemento Destino]]+Tabla2[[#This Row],[Complemento Antigüedad]]+Tabla2[[#This Row],[Complemento Fijo]] -> 2972.5 | P9: =IF(Tabla2[[#This Row],[Sueldo Bruto]]>=2000,20%,IF(Tabla2[[#This Row],[Sueldo Bruto]]>=1500,15%,10%)) -> 0.2 | Q9: =Tabla2[[#This Row],[Sueldo Bruto]]-(Tabla2[[#This Row],[Sueldo Bruto]]*Tabla2[[#This Row],[IRPF]]) -> 2378 | R9: TRUE
A10: Francisco | B10: Gómez | C10: Sánchez | D10: =CONCATENATE(Tabla2[[#This Row],[Nombre]]," ",Tabla2[[#This Row],[Apellido 1]]," ",Tabla2[[#This Row],[Apellido 2]]) -> Francisco Gómez Sánchez | E10: 34651 | F10: =INT((TODAY()-Tabla2[[#This Row],[Fecha de nacimiento]])/365.25) -> 29 | G10: 42248 | H10: =INT((TODAY()-Tabla2[[#This Row],[Fecha Ingreso]])/365.25) -> 9 | I10: =INT(Tabla2[[#This Row],[Antigüedad]]/3) -> 3 | J10: 1800 | K10: Sevilla | L10: =IF(Tabla2[[#This Row],[Localidad Destino]]="Lepe",55,(IF(Tabla2[[#This Row],[Localidad Destino]]="Madrid",90,(IF(Tabla2[[#This Row],[Localidad Destino]]="Sevilla",60,0))))) -> 60 | M10: =Tabla2[[#This Row],[Trienios]]*87.5 -> 262.5 | N10: =IF(Tabla2[[#This Row],[Fijo]]=TRUE,50,0) -> 50 | O10: =Tabla2[[#This Row],[Sueldo]]+Tabla2[[#This Row],[Complemento Destino]]+Tabla2[[#This Row],[Complemento Antigüedad]]+Tabla2[[#This Row],[Complemento Fijo]] -> 2172.5 | P10: =IF(Tabla2[[#This Row],[Sueldo Bruto]]>=2000,20%,IF(Tabla2[[#This Row],[Sueldo Bruto]]>=1500,15%,10%)) -> 0.2 | Q10: =Tabla2[[#This Row],[Sueldo Bruto]]-(Tabla2[[#This Row],[Sueldo Bruto]]*Tabla2[[#This Row],[IRPF]]) -> 1738 | R10: TRUE
A11: Cristina | B11: de Oliveira | C11: Carvalho | D11: =CONCATENATE(Tabla2[[#This Row],[Nombre]]," ",Tabla2[[#This Row],[Apellido 1]]," ",Tabla2[[#This Row],[Apellido 2]]) -> Cristina de Oliveira Carvalho | E11: 32814 | F11: =INT((TODAY()-Tabla2[[#This Row],[Fecha de nacimiento]])/365.25) -> 35 | G11: 42366 | H11: =INT((TODAY()-Tabla2[[#This Row],[Fecha Ingreso]])/365.25) -> 8 | I11: =INT(Tabla2[[#This Row],[Antigüedad]]/3) -> 2 | J11: 1680 | K11: Jerez | L11: =IF(Tabla2[[#This Row],[Localidad Destino]]="Lepe",55,(IF(Tabla2[[#This Row],[Localidad Destino]]="Madrid",90,(IF(Tabla2[[#This Row],[Localidad Destino]]="Sevilla",60,0))))) -> 0 | M11: =Tabla2[[#This Row],[Trienios]]*87.5 -> 175 | N11: =IF(Tabla2[[#This Row],[Fijo]]=TRUE,50,0) -> 50 | O11: =Tabla2[[#This Row],[Sueldo]]+Tabla2[[#This Row],[Complemento Destino]]+Tabla2[[#This Row],[Complemento Antigüedad]]+Tabla2[[#This Row],[Complemento Fijo]] -> 1905 | P11: =IF(Tabla2[[#This Row],[Sueldo Bruto]]>=2000,20%,IF(Tabla2[[#This Row],[Sueldo Bruto]]>=1500,15%,10%)) -> 0.15 | Q11: =Tabla2[[#This Row],[Sueldo Bruto]]-(Tabla2[[#This Row],[Sueldo Bruto]]*Tabla2[[#This Row],[IRPF]]) -> 1619.25 | R11: TRUE
A12: Rosario | B12: Vásquez | C12: García | D12: =CONCATENATE(Tabla2[[#This Row],[Nombre]]," ",Tabla2[[#This Row],[Apellido 1]]," ",Tabla2[[#This Row],[Apellido 2]]) -> Rosario Vásquez García | E12: 37289 | F12: =INT((TODAY()-Tabla2[[#This Row],[Fecha de nacimiento]])/365.25) -> 22 | G12: 45474 | H12: =INT((TODAY()-Tabla2[[#This Row],[Fecha Ingreso]])/365.25) -> 0 | I12: =INT(Tabla2[[#This Row],[Antigüedad]]/3) -> 0 | J12: 1080 | K12: Lepe | L12: =IF(Tabla2[[#This Row],[Localidad Destino]]="Lepe",55,(IF(Tabla2[[#This Row],[Localidad Destino]]="Madrid",90,(IF(Tabla2[[#This Row],[Localidad Destino]]="Sevilla",60,0))))) -> 55 | M12: =Tabla2[[#This Row],[Trienios]]*87.5 -> 0 | N12: =IF(Tabla2[[#This Row],[Fijo]]=TRUE,50,0) -> 0 | O12: =Tabla2[[#This Row],[Sueldo]]+Tabla2[[#This Row],[Complemento Destino]]+Tabla2[[#This Row],[Complemento Antigüedad]]+Tabla2[[#This Row],[Complemento Fijo]] -> 1135 | P12: =IF(Tabla2[[#This Row],[Sueldo Bruto]]>=2000,20%,IF(Tabla2[[#This Row],[Sueldo Bruto]]>=1500,15%,10%)) -> 0.1 | Q12: =Tabla2[[#This Row],[Sueldo Bruto]]-(Tabla2[[#This Row],[Sueldo Bruto]]*Tabla2[[#This Row],[IRPF]]) -> 1021.5 | R12: FALSE
A13: Susana | B13: Torres | C13: Azuaje | D13: =CONCATENATE(Tabla2[[#This Row],[Nombre]]," ",Tabla2[[#This Row],[Apellido 1]]," ",Tabla2[[#This Row],[Apellido 2]]) -> Susana Torres Azuaje | E13: 38383 | F13: =INT((TODAY()-Tabla2[[#This Row],[Fecha de nacimiento]])/365.25) -> 19 | G13: 45141 | H13: =INT((TODAY()-Tabla2[[#This Row],[Fecha Ingreso]])/365.25) -> 1 | I13: =INT(Tabla2[[#This Row],[Antigüedad]]/3) -> 0 | J13: 1125 | K13: Madrid | L13: =IF(Tabla2[[#This Row],[Localidad Destino]]="Lepe",55,(IF(Tabla2[[#This Row],[Localidad Destino]]="Madrid",90,(IF(Tabla2[[#This Row],[Localidad Destino]]="Sevilla",60,0))))) -> 90 | M13: =Tabla2[[#This Row],[Trienios]]*87.5 -> 0 | N13: =IF(Tabla2[[#This Row],[Fijo]]=TRUE,50,0) -> 0 | O13: =Tabla2[[#This Row],[Sueldo]]+Tabla2[[#This Row],[Complemento Destino]]+Tabla2[[#This Row],[Complemento Antigüedad]]+Tabla2[[#This Row],[Complemento Fijo]] -> 1215 | P13: =IF(Tabla2[[#This Row],[Sueldo Bruto]]>=2000,20%,IF(Tabla2[[#This Row],[Sueldo Bruto]]>=1500,15%,10%)) -> 0.1 | Q13: =Tabla2[[#This Row],[Sueldo Bruto]]-(Tabla2[[#This Row],[Sueldo Bruto]]*Tabla2[[#This Row],[IRPF]]) -> 1093.5 | R13: FALSE
A14: Eva | B14: González | C14: Torres | D14: =CONCATENATE(Tabla2[[#This Row],[Nombre]]," ",Tabla2[[#This Row],[Apellido 1]]," ",Tabla2[[#This Row],[Apellido 2]]) -> Eva González Torres | E14: 33833 | F14: =INT((TODAY()-Tabla2[[#This Row],[Fecha de nacimiento]])/365.25) -> 32 | G14: 43763 | H14: =INT((TODAY()-Tabla2[[#This Row],[Fecha Ingreso]])/365.25) -> 5 | I14: =INT(Tabla2[[#This Row],[Antigüedad]]/3) -> 1 | J14: 1450 | K14: Sevilla | L14: =IF(Tabla2[[#This Row],[Localidad Destino]]="Lepe",55,(IF(Tabla2[[#This Row],[Localidad Destino]]="Madrid",90,(IF(Tabla2[[#This Row],[Localidad Destino]]="Sevilla",60,0))))) -> 60 | M14: =Tabla2[[#This Row],[Trienios]]*87.5 -> 87.5 | N14: =IF(Tabla2[[#This Row],[Fijo]]=TRUE,50,0) -> 0 | O14: =Tabla2[[#This Row],[Sueldo]]+Tabla2[[#This Row],[Complemento Destino]]+Tabla2[[#This Row],[Complemento Antigüedad]]+Tabla2[[#This Row],[Complemento Fijo]] -> 1597.5 | P14: =IF(Tabla2[[#This Row],[Sueldo Bruto]]>=2000,20%,IF(Tabla2[[#This Row],[Sueldo Bruto]]>=1500,15%,10%)) -> 0.15 | Q14: =Tabla2[[#This Row],[Sueldo Bruto]]-(Tabla2[[#This Row],[Sueldo Bruto]]*Tabla2[[#This Row],[IRPF]]) -> 1357.875 | R14: FALSE
A15: Juan Antonio | B15: Jiménez | C15: Ortega | D15: =CONCATENATE(Tabla2[[#This Row],[Nombre]]," ",Tabla2[[#This Row],[Apellido 1]]," ",Tabla2[[#This Row],[Apellido 2]]) -> Juan Antonio Jiménez Ortega | E15: 36570 | F15: =INT((TODAY()-Tabla2[[#This Row],[Fecha de nacimiento]])/365.25) -> 24 | G15: 43711 | H15: =INT((TODAY()-Tabla2[[#This Row],[Fecha Ingreso]])/365.25) -> 5 | I15: =INT(Tabla2[[#This Row],[Antigüedad]]/3) -> 1 | J15: 1490 | K15: Sevilla | L15: =IF(Tabla2[[#This Row],[Localidad Destino]]="Lepe",55,(IF(Tabla2[[#This Row],[Localidad Destino]]="Madrid",90,(IF(Tabla2[[#This Row],[Localidad Destino]]="Sevilla",60,0))))) -> 60 | M15: =Tabla2[[#This Row],[Trienios]]*87.5 -> 87.5 | N15: =IF(Tabla2[[#This Row],[Fijo]]=TRUE,50,0) -> 0 | O15: =Tabla2[[#This Row],[Sueldo]]+Tabla2[[#This Row],[Complemento Destino]]+Tabla2[[#This Row],[Complemento Antigüedad]]+Tabla2[[#This Row],[Complemento Fijo]] -> 1637.5 | P15: =IF(Tabla2[[#This Row],[Sueldo Bruto]]>=2000,20%,IF(Tabla2[[#This Row],[Sueldo Bruto]]>=1500,15%,10%)) -> 0.15 | Q15: =Tabla2[[#This Row],[Sueldo Bruto]]-(Tabla2[[#This Row],[Sueldo Bruto]]*Tabla2[[#This Row],[IRPF]]) -> 1391.875 | R15: FALSE
A16: Ana | B16: Zambrano | C16: Díaz | D16: =CONCATENATE(Tabla2[[#This Row],[Nombre]]," ",Tabla2[[#This Row],[Apellido 1]]," ",Tabla2[[#This Row],[Apellido 2]]) -> Ana Zambrano Díaz | E16: 30050 | F16: =INT((TODAY()-Tabla2[[#This Row],[Fecha de nacimiento]])/365.25) -> 42 | G16: 39309 | H16: =INT((TODAY()-Tabla2[[#This Row],[Fecha Ingreso]])/365.25) -> 17 | I16: =INT(Tabla2[[#This Row],[Antigüedad]]/3) -> 5 | J16: 2100 | K16: Jerez | L16: =IF(Tabla2[[#This Row],[Localidad Destino]]="Lepe",55,(IF(Tabla2[[#This Row],[Localidad Destino]]="Madrid",90,(IF(Tabla2[[#This Row],[Localidad Destino]]="Sevilla",60,0))))) -> 0 | M16: =Tabla2[[#This Row],[Trienios]]*87.5 -> 437.5 | N16: =IF(Tabla2[[#This Row],[Fijo]]=TRUE,50,0) -> 50 | O16: =Tabla2[[#This Row],[Sueldo]]+Tabla2[[#This Row],[Complemento Destino]]+Tabla2[[#This Row],[Complemento Antigüedad]]+Tabla2[[#This Row],[Complemento Fijo]] -> 2587.5 | P16: =IF(Tabla2[[#This Row],[Sueldo Bruto]]>=2000,20%,IF(Tabla2[[#This Row],[Sueldo Bruto]]>=1500,15%,10%)) -> 0.2 | Q16: =Tabla2[[#This Row],[Sueldo Bruto]]-(Tabla2[[#This Row],[Sueldo Bruto]]*Tabla2[[#This Row],[IRPF]]) -> 2070 | R16: TRUE
A17: Javier | B17: Martínez | C17: Romero | D17: =CONCATENATE(Tabla2[[#This Row],[Nombre]]," ",Tabla2[[#This Row],[Apellido 1]]," ",Tabla2[[#This Row],[Apellido 2]]) -> Javier Martínez Romero | E17: 31672 | F17: =INT((TODAY()-Tabla2[[#This Row],[Fecha de nacimiento]])/365.25) -> 38 | G17: 41956 | H17: =INT((TODAY()-Tabla2[[#This Row],[Fecha Ingreso]])/365.25) -> 9 | I17: =INT(Tabla2[[#This Row],[Antigüedad]]/3) -> 3 | J17: 1850 | K17: Lepe | L17: =IF(Tabla2[[#This Row],[Localidad Destino]]="Lepe",55,(IF(Tabla2[[#This Row],[Localidad Destino]]="Madrid",90,(IF(Tabla2[[#This Row],[Localidad Destino]]="Sevilla",60,0))))) -> 55 | M17: =Tabla2[[#This Row],[Trienios]]*87.5 -> 262.5 | N17: =IF(Tabla2[[#This Row],[Fijo]]=TRUE,50,0) -> 50 | O17: =Tabla2[[#This Row],[Sueldo]]+Tabla2[[#This Row],[Complemento Destino]]+Tabla2[[#This Row],[Complemento Antigüedad]]+Tabla2[[#This Row],[Complemento Fijo]] -> 2217.5 | P17: =IF(Tabla2[[#This Row],[Sueldo Bruto]]>=2000,20%,IF(Tabla2[[#This Row],[Sueldo Bruto]]>=1500,15%,10%)) -> 0.2 | Q17: =Tabla2[[#This Row],[Sueldo Bruto]]-(Tabla2[[#This Row],[Sueldo Bruto]]*Tabla2[[#This Row],[IRPF]]) -> 1774 | R17: TRUE
A18: Manuela | B18: Pérez | C18: Gómez | D18: =CONCATENATE(Tabla2[[#This Row],[Nombre]]," ",Tabla2[[#This Row],[Apellido 1]]," ",Tabla2[[#This Row],[Apellido 2]]) -> Manuela Pérez Gómez | E18: 37250 | F18: =INT((TODAY()-Tabla2[[#This Row],[Fecha de nacimiento]])/365.25) -> 22 | G18: 44751 | H18: =INT((TODAY()-Tabla2[[#This Row],[Fecha Ingreso]])/365.25) -> 2 | I18: =INT(Tabla2[[#This Row],[Antigüedad]]/3) -> 0 | J18: 1200 | K18: Madrid | L18: =IF(Tabla2[[#This Row],[Localidad Destino]]="Lepe",55,(IF(Tabla2[[#This Row],[Localidad Destino]]="Madrid",90,(IF(Tabla2[[#This Row],[Localidad Destino]]="Sevilla",60,0))))) -> 90 | M18: =Tabla2[[#This Row],[Trienios]]*87.5 -> 0 | N18: =IF(Tabla2[[#This Row],[Fijo]]=TRUE,50,0) -> 0 | O18: =Tabla2[[#This Row],[Sueldo]]+Tabla2[[#This Row],[Complemento Destino]]+Tabla2[[#This Row],[Complemento Antigüedad]]+Tabla2[[#This Row],[Complemento Fijo]] -> 1290 | P18: =IF(Tabla2[[#This Row],[Sueldo Bruto]]>=2000,20%,IF(Tabla2[[#This Row],[Sueldo Bruto]]>=1500,15%,10%)) -> 0.1 | Q18: =Tabla2[[#This Row],[Sueldo Bruto]]-(Tabla2[[#This Row],[Sueldo Bruto]]*Tabla2[[#This Row],[IRPF]]) -> 1161 | R18: FALSE
A19: Samanta | B19: Arévalo | C19: Johnson | D19: =CONCATENATE(Tabla2[[#This Row],[Nombre]]," ",Tabla2[[#This Row],[Apellido 1]]," ",Tabla2[[#This Row],[Apellido 2]]) -> Samanta Arévalo Johnson | E19: 33490 | F19: =INT((TODAY()-Tabla2[[#This Row],[Fecha de nacimiento]])/365.25) -> 33 | G19: 42506 | H19: =INT((TODAY()-Tabla2[[#This Row],[Fecha Ingreso]])/365.25) -> 8 | I19: =INT(Tabla2[[#This Row],[Antigüedad]]/3) -> 2 | J19: 1750 | K19: Jerez | L19: =IF(Tabla2[[#This Row],[Localidad Destino]]="Lepe",55,(IF(Tabla2[[#This Row],[Localidad Destino]]="Madrid",90,(IF(Tabla2[[#This Row],[Localidad Destino]]="Sevilla",60,0))))) -> 0 | M19: =Tabla2[[#This Row],[Trienios]]*87.5 -> 175 | N19: =IF(Tabla2[[#This Row],[Fijo]]=TRUE,50,0) -> 50 | O19: =Tabla2[[#This Row],[Sueldo]]+Tabla2[[#This Row],[Complemento Destino]]+Tabla2[[#This Row],[Complemento Antigüedad]]+Tabla2[[#This Row],[Complemento Fijo]] -> 1975 | P19: =IF(Tabla2[[#This Row],[Sueldo Bruto]]>=2000,20%,IF(Tabla2[[#This Row],[Sueldo Bruto]]>=1500,15%,10%)) -> 0.15 | Q19: =Tabla2[[#This Row],[Sueldo Bruto]]-(Tabla2[[#This Row],[Sueldo Bruto]]*Tabla2[[#This Row],[IRPF]]) -> 1678.75 | R19: TRUE
A20: Roberto | B20: Mejías | C20: Fernández | D20: =CONCATENATE(Tabla2[[#This Row],[Nombre]]," ",Tabla2[[#This Row],[Apellido 1]]," ",Tabla2[[#This Row],[Apellido 2]]) -> Roberto Mejías Fernández | E20: 28874 | F20: =INT((TODAY()-Tabla2[[#This Row],[Fecha de nacimiento]])/365.25) -> 45 | G20: 37500 | H20: =INT((TODAY()-Tabla2[[#This Row],[Fecha Ingreso]])/365.25) -> 22 | I20: =INT(Tabla2[[#This Row],[Antigüedad]]/3) -> 7 | J20: 2350 | K20: Sevilla | L20: =IF(Tabla2[[#This Row],[Localidad Destino]]="Lepe",55,(IF(Tabla2[[#This Row],[Localidad Destino]]="Madrid",90,(IF(Tabla2[[#This Row],[Localidad Destino]]="Sevilla",60,0))))) -> 60 | M20: =Tabla2[[#This Row],[Trienios]]*87.5 -> 612.5 | N20: =IF(Tabla2[[#This Row],[Fijo]]=TRUE,50,0) -> 50 | O20: =Tabla2[[#This Row],[Sueldo]]+Tabla2[[#This Row],[Complemento Destino]]+Tabla2[[#This Row],[Complemento Antigüedad]]+Tabla2[[#This Row],[Complemento Fijo]] -> 3072.5 | P20: =IF(Tabla2[[#This Row],[Sueldo Bruto]]>=2000,20%,IF(Tabla2[[#This Row],[Sueldo Bruto]]>=1500,15%,10%)) -> 0.2 | Q20: =Tabla2[[#This Row],[Sueldo Bruto]]-(Tabla2[[#This Row],[Sueldo Bruto]]*Tabla2[[#This Row],[IRPF]]) -> 2458 | R20: TRUE
A21: Julia | B21: Navarro | C21: López | D21: =CONCATENATE(Tabla2[[#This Row],[Nombre]]," ",Tabla2[[#This Row],[Apellido 1]]," ",Tabla2[[#This Row],[Apellido 2]]) -> Julia Navarro López | E21: 33685 | F21: =INT((TODAY()-Tabla2[[#This Row],[Fecha de nacimiento]])/365.25) -> 32 | G21: 40954 | H21: =INT((TODAY()-Tabla2[[#This Row],[Fecha Ingreso]])/365.25) -> 12 | I21: =INT(Tabla2[[#This Row],[Antigüedad]]/3) -> 4 | J21: 1780 | K21: Madrid | L21: =IF(Tabla2[[#This Row],[Localidad Destino]]="Lepe",55,(IF(Tabla2[[#This Row],[Localidad Destino]]="Madrid",90,(IF(Tabla2[[#This Row],[Localidad Destino]]="Sevilla",60,0))))) -> 90 | M21: =Tabla2[[#This Row],[Trienios]]*87.5 -> 350 | N21: =IF(Tabla2[[#This Row],[Fijo]]=TRUE,50,0) -> 50 | O21: =Tabla2[[#This Row],[Sueldo]]+Tabla2[[#This Row],[Complemento Destino]]+Tabla2[[#This Row],[Complemento Antigüedad]]+Tabla2[[#This Row],[Complemento Fijo]] -> 2270 | P21: =IF(Tabla2[[#This Row],[Sueldo Bruto]]>=2000,20%,IF(Tabla2[[#This Row],[Sueldo Bruto]]>=1500,15%,10%)) -> 0.2 | Q21: =Tabla2[[#This Row],[Sueldo Bruto]]-(Tabla2[[#This Row],[Sueldo Bruto]]*Tabla2[[#This Row],[IRPF]]) -> 1816 | R21: TRUE
A27: Total trabajadores | B27: =COUNTA(Tabla2[Nombre]) -> 20
A28: Sueldo medio | B28: =AVERAGE(Tabla2[Líquido]) -> 1543.7075

Sheet Ficha
A2: FICHA DEL TRABAJADOR
A3: Nombre del Trabajador | B3: Cristina de Oliveira Carvalho
A4: Fecha de nacimiento | B4: =VLOOKUP($B$3,'Lista de empleados'!D:R,2,FALSE) -> 32814 | C4: Complemento Destino | D4: =VLOOKUP($B$3,'Lista de empleados'!D:R,9,FALSE) -> 0
A5: Edad | B5: =VLOOKUP($B$3,'Lista de empleados'!D:R,3,FALSE) -> 35 | C5: Complemento Antigüedad | D5: =VLOOKUP($B$3,'Lista de empleados'!D:R,10,FALSE) -> 175
A6: Fecha Ingreso | B6: =VLOOKUP($B$3,'Lista de empleados'!D:R,4,FALSE) -> 42366 | C6: Complemento Fijo | D6: =VLOOKUP($B$3,'Lista de empleados'!D:R,11,FALSE) -> 50
A7: Antigüedad | B7: =VLOOKUP($B$3,'Lista de empleados'!D:R,5,FALSE) -> 8 | C7: Sueldo Bruto | D7: =VLOOKUP($B$3,'Lista de empleados'!D:R,12,FALSE) -> 1905
A8: Trienios | B8: =VLOOKUP($B$3,'Lista de empleados'!D:R,6,FALSE) -> 2 | C8: IRPF | D8: =VLOOKUP($B$3,'Lista de empleados'!D:R,13,FALSE) -> 0.15
A9: Sueldo | B9: =VLOOKUP($B$3,'Lista de empleados'!D:R,7,FALSE) -> 1680 | C9: Líquido | D9: =VLOOKUP($B$3,'Lista de empleados'!D:R,14,FALSE) -> 1619.25
A10: Localidad Destino | B10: =VLOOKUP($B$3,'Lista de empleados'!D:R,8,FALSE) -> Jerez | C10: Fijo | D10: =IF(E10=TRUE,1,0) -> 1 | E10: =VLOOKUP($B$3,'Lista de empleados'!D:R,15,FALSE) -> TRUE
